Timestamp,Node_ID,Trigger,Distance,Tilt,Soil,Battery,Seq,CRC,RSSI
2026-09-07 15:26:32,NODE_01,ROUTINE_5MIN,15,9.54,0,83,0,57,-53
2026-09-07 15:26:47,NODE_01,ROUTINE_5MIN,15,9.55,0,83,0,56,-53
2026-09-07 15:26:53,NODE_01,ROUTINE_5MIN,21,9.53,0,83,0,57,-53
2026-09-07 15:26:58,NODE_01,ROUTINE_5MIN,15,9.52,0,83,0,63,-52
2026-09-07 15:27:08,NODE_01,ROUTINE_5MIN,14,9.50,0,83,0,60,-52
2026-09-07 15:27:11,NODE_01,ROUTINE_5MIN,19,9.53,0,83,0,50,-52
2026-09-07 15:27:21,NODE_01,ROUTINE_5MIN,14,9.54,0,83,0,56,-53
2026-09-07 15:27:27,NODE_01,ROUTINE_5MIN,15,9.50,0,83,0,61,-52
2026-09-07 15:27:33,NODE_01,ROUTINE_5MIN,16,9.55,0,83,0,59,-53
2026-09-07 15:27:38,NODE_01,ROUTINE_5MIN,15,9.50,0,83,0,61,-52
2026-09-07 15:27:43,NODE_01,ROUTINE_5MIN,12,9.45,0,83,0,62,-55
2026-09-07 22:25:22,NODE_01,ROUTINE_5MIN,39,9.02,0,83,0,52,-64
2026-09-07 22:26:27,NODE_01,ROUTINE_5MIN,40,8.99,0,83,0,57,-66
2026-09-07 22:26:31,NODE_01,ROUTINE_5MIN,40,8.99,0,83,0,57,-65
2026-09-07 22:26:34,NODE_01,ROUTINE_5MIN,42,9.04,0,83,0,62,-65
2026-09-07 22:31:35,NODE_01,ROUTINE_5MIN,44,9.13,0,83,1,63,-56
2026-09-08 13:13:13,NODE_01,ROUTINE_5MIN,300,10.01,0,83,0,54,-56
